"","S1","S2","S3","S4","S5","S6","S7","S8","S9","S10","S11","S12","S13","S1S","S2S","S3S","S4S","S5S","S6S","S7S","S8S","S9S","S10S","S11S","S12S","S13S","close"
"1",0,0,6.0017323987482,0,7.72123429258144,0,0,0,0,29.3077153905523,21.3933794865068,0,0,0,0,1,0,1,0,0,0,0,1,1,0,0,0
"2",0,0,4.24328570253622,13.2961167681232,4.84226078651397,0,0,0,0,0,15.2221651733183,0,0,0,0,1,1,1,0,0,0,0,0,1,0,0,0
"3",0,0,7.03899285903376,7.29936107744435,6.61884685456857,0,0,0,0,0,8.84143222634016,0,0,0,0,1,1,1,0,0,0,0,0,1,0,0,0
"4",0,0,0,3.20307916458756,4.49325574238764,0,0,0,0,0,15.3017239741779,0,0,0,0,0,1,1,0,0,0,0,0,1,0,0,0
"5",0,0,0,3.4791883882241,3.38282170436625,0,0,0,0,0,8.25556301239785,0,0,0,0,0,1,1,0,0,0,0,0,1,0,0,0
"6",0,0,0,0.756211002075274,5.77444422292758,0,0,0,0,0,9.55429107250617,0,0,0,0,0,1,1,0,0,0,0,0,1,0,0,0
"7",0,0,0,1.7725586389734,8.99974617788148,0,0,0,0,0,12.7214790285585,0,0,0,0,0,1,1,0,0,0,0,0,1,0,0,0
"8",0,0,0,2.14485017421755,6.37073525578803,0,0,0,0,0,3.6396428070122,0,0,0,0,0,1,1,0,0,0,0,0,1,0,0,0
"9",0,0,0,0.931200664542483,4.09914851892105,0,0,0,0,0,10.688693254623,0,0,0,0,0,1,1,0,0,0,0,0,1,0,0,0
"10",0,0,0,3.65457312557481,2.47116432034361,0,0,0,0,0,10.0255052939508,0,0,0,0,0,1,1,0,0,0,0,0,1,0,0,0
"11",0,0,0,1.2853669188696,5.87370866429009,0,0,0,0,0,7.11004188616898,0,0,0,0,0,1,1,0,0,0,0,0,1,0,0,0
"12",0,0,0,-0.433482884809535,1.4081021808957,0,0,0,0,0,10.1964255996608,0,0,0,0,0,1,1,0,0,0,0,0,1,0,0,0
"13",0,0.761297868559179,0,-1.39539730453157,6.72625400192696,0,0,0,0,0,7.18129016859847,0,0,0,1,0,1,1,0,0,0,0,0,1,0,0,0
"14",0,0.492291269123791,0,0,5.15013596089254,0,0,0,0,0,4.19483614351509,0,0,0,1,0,0,1,0,0,0,0,0,1,0,0,0
"15",0,0.985052307303861,0,0,4.71100067474129,0,0,0,0,0,8.91742656370845,0,0,0,1,0,0,1,0,0,0,0,0,1,0,0,0
"16",-1.11895395653491,0,0,0,0.864943190545943,0,0,0,0,0,6.22084904005315,0,0,1,0,0,0,1,0,0,0,0,0,1,0,0,0
"17",0.982682160515389,0,0,0,2.39946366156406,0,0,0,0,0,5.87604459290495,0,0,1,0,0,0,1,0,0,0,0,0,1,0,0,0
"18",0.86734135126708,0,0,0,4.9824691818235,0,0,0,0,0,5.79031687596554,0,0,1,0,0,0,1,0,0,0,0,0,1,0,0,0
"19",1.33539651495817,0,0,0,9.26356450582398,0,4.42164593809761,0,0,0,6.03729985275154,0,0,1,0,0,0,1,0,1,0,0,0,1,0,0,0
"20",2.21383539240404,0,0,0,8.73662240663653,0,6.41499164247197,0,0,0,2.87022569302871,0,0,1,0,0,0,1,0,1,0,0,0,1,0,0,0
"21",1.81006188466336,0,0,0,0,0,1.94556114700426,0,0,5.2326171887806,8.16091269595011,0,0,1,0,0,0,0,0,1,0,0,1,1,0,0,0
"22",3.08971686938404,0,0,0,0,0,4.90791094299484,0,0,14.4258905590336,6.68744724696925,0,0,1,0,0,0,0,0,1,0,0,1,1,0,0,0
"23",4.44428920141597,0,0,0,0,0,2.47271603113191,0,0,4.42136880334476,9.93895668811745,0,0,1,0,0,0,0,0,1,0,0,1,1,0,0,0
"24",2.424497668295,0,0,0,0,0,7.07287338872615,0,0.202572962775194,5.46728023804518,3.49395403255225,0,0,1,0,0,0,0,0,1,0,1,1,1,0,0,0
"25",5.60881492160326,0,0,0,0,0,4.65480690381634,0,0.334085596513012,10.5231781969461,7.30934284552538,0,0,1,0,0,0,0,0,1,0,1,1,1,0,0,0
"26",4.33924946311492,0,0,0,0,0,2.88351360140633,0,0,5.27067932563785,7.90780602020935,0,0,1,0,0,0,0,0,1,0,0,1,1,0,0,0
"27",4.11048588940986,0,0,0,0,0,2.96602988058382,0,0,5.533746974023,1.99168658793539,0,0,1,0,0,0,0,0,1,0,0,1,1,0,0,0
"28",6.24972611354886,0,0,0,0,0,0.524944422712569,0,0,0,1.91688368919407,0,0,1,0,0,0,0,0,1,0,0,0,1,0,0,0
"29",3.31221355257354,0,0,0,0,0,1.72344828577058,0,0,0,2.692322207447,0,0,1,0,0,0,0,0,1,0,0,0,1,0,0,0
"30",9.82877226134714,0,0,0,0,0,4.07092032595479,0,0,0,2.70917258542827,0,0,1,0,0,0,0,0,1,0,0,0,1,0,0,0
"31",4.21256143931541,0,0,0,0,0,2.09640111726456,0,0,0,0.583581157435497,0,0,1,0,0,0,0,0,1,0,0,0,1,0,0,0
"32",7.51084970210283,27.1844859120349,0,0,0,7.34644376763264,3.09917070732982,0,0,0,0.142179756896139,0,0,1,1,0,0,0,1,1,0,0,0,1,0,0,0
"33",3.81640973250023,12.5702537745599,0,0,0,-0.386493868065298,5.94998409366517,0,0,0,4.3945859170218,0,0,1,1,0,0,0,1,1,0,0,0,1,0,0,0
"34",6.89438370243083,5.45567550608057,0,0,0,3.6612679200619,0,0,0,0,3.07728462443841,0,0,1,1,0,0,0,1,0,0,0,0,1,0,0,0
"35",20.9427984059962,9.86869035568365,0,0,0,3.38518909596074,0,0,0,0,3.3359115888074,0,0,1,1,0,0,0,1,0,0,0,0,1,0,0,0
"36",1.09575770333198,12.2188641972972,0,0,0,3.89216801589015,0,0,0,0,4.53009119850214,0,0,1,1,0,0,0,1,0,0,0,0,1,0,0,0
"37",19.3879235252907,17.7006288199103,0,0,0,3.69129820529938,0,0,0,0,6.49016936848747,0,0,1,1,0,0,0,1,0,0,0,0,1,0,0,0
"38",16.5375003674642,11.3589537148214,0,0,0,2.14610640892077,0,0,0,0,8.77940227865783,0,0,1,1,0,0,0,1,0,0,0,0,1,0,0,0
"39",8.96681224469382,7.65144345338768,0,0,0,7.49652237197569,0,0,0,0,5.54101025121164,0,0,1,1,0,0,0,1,0,0,0,0,1,0,0,0
"40",5.28275630253483,11.7239286636212,0,0,0,4.41734770027746,0,0,0,0,0,-0.271895923125165,0,1,1,0,0,0,1,0,0,0,0,0,1,0,0
"41",16.3570756548716,16.0319926974415,0,0,0,3.8942681395492,0,0,0,0,0,-1.10506497701236,0,1,1,0,0,0,1,0,0,0,0,0,1,0,0
"42",15.9815245221767,14.3721346264706,0,0,0,6.3404978326041,0,0,0,0,0,0.365536531139413,2.36528880846114,1,1,0,0,0,1,0,0,0,0,0,1,1,0
"43",14.0130315772273,13.5475586237861,0,0,0,5.68738418640429,0,0,0,0,0,0,2.51290090267179,1,1,0,0,0,1,0,0,0,0,0,0,1,0
"44",10.7228944977274,23.5443207405974,0,0,0,2.94715979940848,0,0,0,0,0,0,1.47025079671097,1,1,0,0,0,1,0,0,0,0,0,0,1,0
"45",13.7772300081659,0,0,0,0,7.69553266077826,0,0,0,0,0,0,3.54173351454014,1,0,0,0,0,1,0,0,0,0,0,0,1,0
"46",13.877504191862,0,0,0,0,10.2797832593577,0,14.245648523609,0,0,0,0,3.01240613082494,1,0,0,0,0,1,0,1,0,0,0,0,1,0
"47",11.8190733659872,0,0,0,0,14.4304992219375,9.47420398641868,9.31065221385563,0,0,0,0,5.20033833015617,1,0,0,0,0,1,1,1,0,0,0,0,1,0
"48",10.4356690334239,0,0,0,0,12.1061361976229,2.9789639188951,5.74612692977214,0,0,0,0,3.94884974504702,1,0,0,0,0,1,1,1,0,0,0,0,1,0
"49",13.4580748051983,0,0,0,0,40.8206062252304,7.99522159813935,8.82577075642758,0,0,0,0,5.5217488820812,1,0,0,0,0,1,1,1,0,0,0,0,1,0
"50",13.7640735925848,0,0,0,0,0,11.1241560948059,8.96711226115468,0,0,0,0,9.35778207771891,1,0,0,0,0,0,1,1,0,0,0,0,1,0
"51",30.0350600552968,0,13.6821045416558,0,0,0,13.5565428492791,0,13.5932577754544,8.82458297120565,0,0,0,1,0,1,0,0,0,1,0,1,1,0,0,0,0
"52",26.297272772026,0,13.2159594308848,0,0,0,14.6342527979227,0,3.78089625666412,8.19856784758857,0,0,0,1,0,1,0,0,0,1,0,1,1,0,0,0,0
"53",16.0099036132973,0,18.3365950589186,0,0,0,11.1991207669143,0,10.9207938695102,10.7595816825959,0,0,0,1,0,1,0,0,0,1,0,1,1,0,0,0,0
"54",22.2235415492346,0,7.00892671196102,0,0,0,8.69560093072779,0,7.28740626495328,12.0773921682933,0,0,0,1,0,1,0,0,0,1,0,1,1,0,0,0,0
"55",8.81161699937207,0,8.67668742239521,0,0,0,10.1329917409635,0,5.30490892029901,11.2407217889295,0,0,0,1,0,1,0,0,0,1,0,1,1,0,0,0,0
"56",10.3685290551709,0,7.0474836891676,0,0,0,6.83619759945571,0,4.44850124949098,8.38145658422305,0,0,0,1,0,1,0,0,0,1,0,1,1,0,0,0,0
"57",7.35368996472806,0,9.57290318874396,0,6.4873356678324,0,8.50971115984254,0,2.75217986837129,4.60169782803982,0,0,0,1,0,1,0,1,0,1,0,1,1,0,0,0,0
"58",4.52182863697241,0,7.83160445297175,0,14.0464564050044,0,9.31828479464747,0,5.45759053611465,9.05127265983309,26.5282078525621,0,0,1,0,1,0,1,0,1,0,1,1,1,0,0,0
"59",3.88420606201092,0,0,0,11.8912033961772,0,6.22850831843577,0,3.60586102672552,13.7810646476262,12.3142309400131,0,0,1,0,0,0,1,0,1,0,1,1,1,0,0,0
"60",1.56070064898826,0,0,0,10.5886674074978,0,10.8534887124778,0,4.75963284352524,22.310148660299,13.2697092572706,0,0,1,0,0,0,1,0,1,0,1,1,1,0,0,0
"61",2.87022505053375,0,0,0,2.91086283670737,0,7.91162309571541,0,0,0,8.25819441487193,0,0,1,0,0,0,1,0,1,0,0,0,1,0,0,0
"62",2.14405686657508,0,0,0,7.47135642473057,0,0,0,0,0,8.2152526302803,0,0,1,0,0,0,1,0,0,0,0,0,1,0,0,0
"63",1.21298411657764,0,0,0,5.44143758330116,0,0,0,0,0,5.70230563189013,0,0,1,0,0,0,1,0,0,0,0,0,1,0,0,0
"64",3.0325377742448,0,0,0,4.50092350997966,0,0,0,0,0,5.53003170143947,0,0,1,0,0,0,1,0,0,0,0,0,1,0,0,0
"65",3.95388678169181,4.63633782940951,0,0,2.6195998560145,0,0,0,0,0,7.4211387406766,0,0,1,1,0,0,1,0,0,0,0,0,1,0,0,0
"66",4.47983983892408,5.24626854817636,0,0,1.82983294877768,0,0,0,0,0,7.91983761477551,0,0,1,1,0,0,1,0,0,0,0,0,1,0,0,0
"67",1.92269679336213,5.17573409718015,0,0,1.1735668801784,0,0,0,0,0,5.76032686079114,0,0,1,1,0,0,1,0,0,0,0,0,1,0,0,1
"68",0,2.39045811931076,0,0,2.91011960559513,0,0,0,0,0,2.17570976950484,0,0,0,1,0,0,1,0,0,0,0,0,1,0,0,1
"69",0,5.33268204140053,0,0,1.57728625991193,0,0,0,0,0,3.32530941184256,0,0,0,1,0,0,1,0,0,0,0,0,1,0,0,1
"70",0,4.05039131497858,0,0,1.33173401325743,0,0,0,0,0,3.33285439651789,0,0,0,1,0,0,1,0,0,0,0,0,1,0,0,1
"71",0,4.12072790916065,0,0,1.32682435569214,0,0,0,0,0,2.99533239668698,0,0,0,1,0,0,1,0,0,0,0,0,1,0,0,1
"72",0,7.00488022494195,0,0,0.488021549974762,0,0,0,0,0,3.23822193903106,0,0,0,1,0,0,1,0,0,0,0,0,1,0,0,1
"73",0,5.68887331864898,0,0,0.0612788157606452,0,0,0,0,0,5.51401391266922,0,0,0,1,0,0,1,0,0,0,0,0,1,0,0,1
"74",9.20686718873818,6.45177268004695,0,0,0,0,-0.130763890259088,0,0,0,2.82512889050267,0,0,1,1,0,0,0,0,1,0,0,0,1,0,0,1
"75",11.3546005794008,6.80366695665947,0,0,0,0.486821370863875,0.875183516372025,0,0,0,3.68666157724908,0,0,1,1,0,0,0,1,1,0,0,0,1,0,0,1
"76",7.64230880063856,9.10560727844321,0,0,0,1.63244695193501,-0.645285632840196,0,0,0,3.86663594883887,0,0,1,1,0,0,0,1,1,0,0,0,1,0,0,0
"77",9.13291375800912,8.92332085557078,0,0,0,0.643493689876919,2.34062806552021,0,0,0,4.83093028638046,0,0,1,1,0,0,0,1,1,0,0,0,1,0,0,0
"78",8.56955805690594,9.75745186241716,0,0,0,4.91752542179752,0,0,0,0,2.759753410515,0,0,1,1,0,0,0,1,0,0,0,0,1,0,0,0
"79",5.07462038533231,4.13356025139015,0,0,0,5.29377298544168,0,0,0,0,1.91995183264997,0,0,1,1,0,0,0,1,0,0,0,0,1,0,0,0
"80",10.094043469833,9.39338454602855,0,0,0,4.82425644047084,6.38268792920134,0,0,0,1.17011058548211,0,0,1,1,0,0,0,1,1,0,0,0,1,0,0,0
"81",10.1913263668996,9.26987529196576,0,0,0,3.12044755017913,9.61961995475081,0,0,0,1.66793651923793,0,0,1,1,0,0,0,1,1,0,0,0,1,0,0,0
"82",5.69937278155821,8.64724399138435,0,0,0,8.46538016760257,8.71219061453922,0,0,0,5.99126164358125,0,0,1,1,0,0,0,1,1,0,0,0,1,0,0,0
"83",5.40480295069914,12.126093614083,0,0,0,2.456563647268,11.8922594532732,0,0,0,1.27047971810574,0,0,1,1,0,0,0,1,1,0,0,0,1,0,0,0
"84",11.366137156087,0,0,0,0,1.97400851201965,7.81549271136721,0,0,0,0.312704554275984,0,0,1,0,0,0,0,1,1,0,0,0,1,0,0,0
"85",6.40243088289119,0,0,0,0,3.05162201185177,6.1762851306995,0,0,0,1.77566544839828,0,0,1,0,0,0,0,1,1,0,0,0,1,0,0,0
"86",10.5249404368934,0,0,0,0,7.29724061578855,9.13133767092038,0,0,0,2.9928431868755,0,0,1,0,0,0,0,1,1,0,0,0,1,0,0,0
"87",8.82652348007426,0,0,0,0,6.54751589461852,15.4749715122003,0,0,0,0,0,0,1,0,0,0,0,1,1,0,0,0,0,0,0,0
"88",16.1468327303039,0,0,0,0,5.98679831160726,0,0,0,0,0,0,0.145525653433076,1,0,0,0,0,1,0,0,0,0,0,0,1,0
"89",6.45937205524384,0,0,0,0,0.875600941527261,0,0,0,0,0,0,2.28500241404883,1,0,0,0,0,1,0,0,0,0,0,0,1,0
"90",4.08099038332542,0,0,0,0,10.9810801303762,0,0,0,0,0,0,3.24863940811767,1,0,0,0,0,1,0,0,0,0,0,0,1,0
"91",7.86898607695684,0,0,0,0,2.54218667524813,0,0,0,0,0,0,1.34234196876748,1,0,0,0,0,1,0,0,0,0,0,0,1,0
"92",10.4175074993218,0,0,0,0,4.39957785271728,0,16.5997505958465,0,0,0,0,4.50338759693499,1,0,0,0,0,1,0,1,0,0,0,0,1,0
"93",7.43080570893682,0,0,0,0,3.69110800148665,0,14.8223883041001,0,0,0,0,0.919411782409614,1,0,0,0,0,1,0,1,0,0,0,0,1,0
"94",11.5374300955352,0,0,0,0,14.5044697211909,0,8.55899037709806,0,0,0,0,1.94026762962003,1,0,0,0,0,1,0,1,0,0,0,0,1,0
"95",13.3825579362625,0,0,0,0,7.18005080439599,0,14.3392218225931,0,0,0,0,4.18765045181789,1,0,0,0,0,1,0,1,0,0,0,0,1,0
"96",9.95235552360013,0,0,0,0,4.985085345565,0,0,0,0,0,0,0.633363490341691,1,0,0,0,0,1,0,0,0,0,0,0,1,0
"97",10.265590452534,0,0,0,0,5.88169032960732,0,0,0,0,0,0,1.04887723531482,1,0,0,0,0,1,0,0,0,0,0,0,1,0
"98",15.6290561091934,24.716678596175,0,0,0,5.79993051219826,0,0,0,0,0,0,3.17556826160814,1,1,0,0,0,1,0,0,0,0,0,0,1,0
"99",16.5344271690765,24.727965812881,0,0,0,5.85408285053933,0,0,0,0,0,0,3.3128028115091,1,1,0,0,0,1,0,0,0,0,0,0,1,0
"100",20.8919981617695,17.1066438323094,0,0,0,7.8058336239688,0,0,0,0,0,0,2.18541919340461,1,1,0,0,0,1,0,0,0,0,0,0,1,0
"101",30.0292572322518,0,19.4283535108658,0,0,0,14.2356795110714,0,10.6581122637671,12.701378727919,0,0,0,1,0,1,0,0,0,1,0,1,1,0,0,0,0
"102",30.0898897389885,0,19.4138350755766,0,0,0,12.1291795805993,0,9.60416616218959,15.9075444637437,0,0,0,1,0,1,0,0,0,1,0,1,1,0,0,0,0
"103",29.8313070342616,0,17.0141709125743,0,0,0,15.9734995647785,0,11.3290739554715,9.48767567914451,0,0,0,1,0,1,0,0,0,1,0,1,1,0,0,0,0
"104",10.7892367288486,0,5.69554693171489,0,0,0,5.41976511953717,0,4.40288938440148,10.1335127014329,0,0,0,1,0,1,0,0,0,1,0,1,1,0,0,0,0
"105",7.88458626293751,0,8.78623554344162,0,0,0,16.0619626630906,0,4.12958555592,8.14798250116277,0,0,0,1,0,1,0,0,0,1,0,1,1,0,0,0,0
"106",12.2428282862901,0,7.66828892924729,0,0,0,11.1084114099478,0,1.97225264222012,4.65516502007037,0,0,0,1,0,1,0,0,0,1,0,1,1,0,0,0,0
"107",6.92394043737267,0,5.23117590340487,0,18.5905319206637,0,7.69048638462409,0,5.21211450158897,15.8183471838943,0,0,0,1,0,1,0,1,0,1,0,1,1,0,0,0,0
"108",3.12412425427525,0,5.20030724432787,0,10.4999967764349,0,6.32567307455564,0,4.81440202548787,9.73535335390458,21.5596891197201,0,0,1,0,1,0,1,0,1,0,1,1,1,0,0,0
"109",0.240999322181307,0,0,0,6.05925979122741,0,9.14566931911736,0,4.51033796050296,6.24339575455597,11.1018859290324,0,0,1,0,0,0,1,0,1,0,1,1,1,0,0,0
"110",-0.391444412885451,0,0,0,8.53760770405924,0,8.36269445187991,0,7.70823324647469,13.6615479206362,8.65314017983194,0,0,1,0,0,0,1,0,1,0,1,1,1,0,0,0
"111",2.94749753139274,0,0,0,4.51524960472671,0,10.5926023319285,0,0,0,7.00985810284066,0,0,1,0,0,0,1,0,1,0,0,0,1,0,0,0
"112",1.00300631097112,0,0,0,9.08525251481484,0,0,0,0,0,4.1537368719053,0,0,1,0,0,0,1,0,0,0,0,0,1,0,0,0
"113",1.52744714369405,0,0,0,2.56822139099231,0,0,0,0,0,4.72214509241071,0,0,1,0,0,0,1,0,0,0,0,0,1,0,0,0
"114",-0.858648231770794,0,0,0,2.74783822938009,0,0,0,0,0,5.80467904734983,0,0,1,0,0,0,1,0,0,0,0,0,1,0,0,0
"115",3.64593770131792,7.78099396352699,0,0,4.15335539097284,0,0,0,0,0,7.54095188779221,0,0,1,1,0,0,1,0,0,0,0,0,1,0,0,0
"116",8.21973947174075,4.02160113791007,0,0,2.62598520773689,0,0,0,0,0,6.87377153340745,0,0,1,1,0,0,1,0,0,0,0,0,1,0,0,0
"117",2.74093161920641,2.15031999297171,0,0,0.130539004287067,0,0,0,0,0,5.06766959004971,0,0,1,1,0,0,1,0,0,0,0,0,1,0,0,1
"118",0,4.26234925099656,0,0,2.18312756426167,0,0,0,0,0,1.63721708745813,0,0,0,1,0,0,1,0,0,0,0,0,1,0,0,1
"119",0,5.89133963058413,0,0,1.26905088094002,0,0,0,0,0,7.78128190164081,0,0,0,1,0,0,1,0,0,0,0,0,1,0,0,1
"120",0,0.683735899747299,0,0,0.276643872566156,0,0,0,0,0,5.06754831791836,0,0,0,1,0,0,1,0,0,0,0,0,1,0,0,1
"121",0,4.62703179061269,0,0,-0.250106093669958,0,0,0,0,0,4.35379488426042,0,0,0,1,0,0,1,0,0,0,0,0,1,0,0,1
"122",0,5.91819997183711,0,0,1.00486620590264,0,0,0,0,0,2.04185970793892,0,0,0,1,0,0,1,0,0,0,0,0,1,0,0,1
"123",0,1.91043975476994,0,0,-0.169502289713534,0,0,0,0,0,9.03655123466536,0,0,0,1,0,0,1,0,0,0,0,0,1,0,0,1
"124",11.7734167545943,5.72830946970288,0,0,0,0,0.281439347082157,0,0,0,6.80106010327853,0,0,1,1,0,0,0,0,1,0,0,0,1,0,0,1
"125",11.6124496334752,8.44587309702151,0,0,0,2.4505057995245,1.22534907109266,0,0,0,5.32466374176479,0,0,1,1,0,0,0,1,1,0,0,0,1,0,0,1
"126",6.69140663021011,7.07748357463794,0,0,0,0.497178557398247,1.03294939571349,0,0,0,4.02992647701415,0,0,1,1,0,0,0,1,1,0,0,0,1,0,0,0
"127",11.6426029393994,5.6884945567194,0,0,0,3.53929480911543,4.3581243821432,0,0,0,4.41784416199458,0,0,1,1,0,0,0,1,1,0,0,0,1,0,0,0
"128",8.91523467433001,16.1788540592137,0,0,0,2.01602060581109,0,0,0,0,0.442234707668269,0,0,1,1,0,0,0,1,0,0,0,0,1,0,0,0
"129",10.7472734913819,11.8226492036707,0,0,0,2.09289929048906,0,0,0,0,3.43318846011297,0,0,1,1,0,0,0,1,0,0,0,0,1,0,0,0
"130",12.5199033184872,12.3882441147808,0,0,0,2.52110411491759,7.88226208727726,0,0,0,3.31960235440388,0,0,1,1,0,0,0,1,1,0,0,0,1,0,0,0
"131",10.5166243328685,9.20734940431263,0,0,0,-0.508920811585074,7.18949381734506,0,0,0,0.869141643178904,0,0,1,1,0,0,0,1,1,0,0,0,1,0,0,0
"132",9.8429527278218,17.2376654552982,0,0,0,3.45725729962288,4.70883457525191,0,0,0,3.30463411708513,0,0,1,1,0,0,0,1,1,0,0,0,1,0,0,0
"133",7.88062382718694,19.1392173147476,0,0,0,6.07291768831583,3.19873401801368,0,0,0,1.95315181025777,0,0,1,1,0,0,0,1,1,0,0,0,1,0,0,0
"134",4.10231913044529,0,0,0,0,6.28623889667067,9.21151042693995,0,0,0,2.4220448265613,0,0,1,0,0,0,0,1,1,0,0,0,1,0,0,0
"135",9.49731518995202,0,0,0,0,5.93477794331904,14.261086634588,0,0,0,1.71477717482425,0,0,1,0,0,0,0,1,1,0,0,0,1,0,0,0
"136",8.64600387061946,0,0,0,0,8.21536037178298,19.0726289747582,0,0,0,2.24079470972075,0,0,1,0,0,0,0,1,1,0,0,0,1,0,0,0
"137",10.4612359450058,0,0,0,0,7.31155897636824,13.3781594105261,0,0,0,0,0,0,1,0,0,0,0,1,1,0,0,0,0,0,0,0
"138",16.240778554728,0,0,0,0,8.31548715866711,0,0,0,0,0,0,1.28971115445907,1,0,0,0,0,1,0,0,0,0,0,0,1,0
"139",12.0460816828277,0,0,0,0,5.342129356169,0,0,0,0,0,0,3.73333544425217,1,0,0,0,0,1,0,0,0,0,0,0,1,0
"140",15.1233524664741,0,0,0,0,3.9243520083971,0,0,0,0,0,0,5.26433010118423,1,0,0,0,0,1,0,0,0,0,0,0,1,0
"141",8.02801512534684,0,0,0,0,10.1648501811545,0,0,0,0,0,0,2.57945900949109,1,0,0,0,0,1,0,0,0,0,0,0,1,0
"142",5.65799370441887,0,0,0,0,9.04799792969554,0,11.2051085546245,0,0,0,0,4.1535317678108,1,0,0,0,0,1,0,1,0,0,0,0,1,0
"143",11.8351836255022,0,0,0,0,1.16762784581773,0,23.7310498048874,0,0,0,0,1.45849822085762,1,0,0,0,0,1,0,1,0,0,0,0,1,0
"144",11.0506629743513,0,0,0,0,5.54922800308067,0,8.47646897844609,0,0,0,0,3.32729350381974,1,0,0,0,0,1,0,1,0,0,0,0,1,0
"145",6.94332468988183,0,0,0,0,6.8784411100001,0,9.70437636584931,0,0,0,0,1.68370917136292,1,0,0,0,0,1,0,1,0,0,0,0,1,0
"146",9.13199240132757,0,0,0,0,2.62993145393651,0,0,0,0,0,0,2.92255383806379,1,0,0,0,0,1,0,0,0,0,0,0,1,0
"147",15.0455108831065,0,0,0,0,8.96824991992242,0,0,0,0,0,0,1.83949854321748,1,0,0,0,0,1,0,0,0,0,0,0,1,0
"148",11.7047006961619,26.7901223773294,0,0,0,10.732002926481,0,0,0,0,0,0,2.57107966365681,1,1,0,0,0,1,0,0,0,0,0,0,1,0
"149",16.6870891238718,28.8681258462782,0,0,0,8.20980587061676,0,0,0,0,0,0,3.97719157238281,1,1,0,0,0,1,0,0,0,0,0,0,1,0
"150",18.6100918652617,17.0570251752365,0,0,0,7.27400175821007,0,0,0,0,0,0,2.81855124596967,1,1,0,0,0,1,0,0,0,0,0,0,1,0
"151",0,0,3.71366750857922,0,13.5857419265941,0,26.4838239915838,0,10.240125623227,21.9502371775901,0,0,0,0,0,1,0,1,0,1,0,1,1,0,0,0,0
"152",0,0,10.7391622590739,0,18.2278865249563,0,0,0,6.2380117786081,15.7815703214423,26.4490174542734,0,0,0,0,1,0,1,0,0,0,1,1,1,0,0,0
"153",0,0,1.69944435917411,0,9.35358310792617,0,0,0,9.24600783067307,13.425326869557,10.0297323500039,0,0,0,0,1,0,1,0,0,0,1,1,1,0,0,0
"154",0,0,7.53740850615214,0,8.69648193968043,0,0,0,10.5004583618152,16.9005309031159,24.0634258514391,0,0,0,0,1,0,1,0,0,0,1,1,1,0,0,0
"155",0,0,4.37691063431055,0,9.62352164752334,0,0,0,-0.686061284042741,9.31554068305876,22.1709407144637,0,0,0,0,1,0,1,0,0,0,1,1,1,0,0,0
"156",0,0,1.07499903153506,0,9.89715918079802,0,0,0,8.79697909689908,13.2348333694776,18.1156494976331,0,0,0,0,1,0,1,0,0,0,1,1,1,0,0,0
"157",0,0,3.72476395220816,0,5.6356265351955,0,0,0,6.82909119365016,12.7866135274624,25.5988009304966,0,0,0,0,1,0,1,0,0,0,1,1,1,0,0,0
"158",0,0,3.75600334116118,0,11.0275138687637,0,0,0,7.01388897782141,10.7468374413939,19.3882615189512,0,0,0,0,1,0,1,0,0,0,1,1,1,0,0,0
"159",0,0,1.2438426599839,0,10.1575139391083,0,0,0,6.00430409549677,12.1628156887856,9.96241670947503,0,0,0,0,1,0,1,0,0,0,1,1,1,0,0,0
"160",0,0,6.36842411512519,0,1.66966426591729,0,20.1811755963662,0,6.19818390932751,15.5907390121312,22.5120260076071,0,0,0,0,1,0,1,0,1,0,1,1,1,0,0,0
"161",0,0,1.20712468485944,0,12.2649368915572,0,16.243683234553,0,8.23058716590509,14.4828263791859,20.4357583627406,0,0,0,0,1,0,1,0,1,0,1,1,1,0,0,0
"162",6.69611686209637,0,2.40342727067522,0,9.71816946887934,0,19.3890248952461,0,7.94084062173351,8.03133221445032,12.8263421194047,0,0,1,0,1,0,1,0,1,0,1,1,1,0,0,0
"163",2.74764685825793,0,7.98800130745606,0,14.5311428297964,0,15.8507362343384,0,2.48408071763238,7.48370141938205,19.2078792584997,0,0,1,0,1,0,1,0,1,0,1,1,1,0,0,0
"164",3.4469465034578,0,6.00126322755883,0,20.3869277149601,0,9.65966045637748,0,4.06328383875969,10.9077999190926,12.3334832790328,0,0,1,0,1,0,1,0,1,0,1,1,1,0,0,0
"165",2.92970519017161,0,19.8709364229556,0,13.0506079736567,0,9.45395475545228,0,2.44525079627641,9.59885446426798,19.0935610042305,0,0,1,0,1,0,1,0,1,0,1,1,1,0,0,0
"166",4.87469232158982,0,0,0,0,0,8.34261397437429,0,5.69237304144405,6.59300977178848,0,0,0,1,0,0,0,0,0,1,0,1,1,0,0,0,0
"167",2.37416362074466,0,0,0,0,0,7.70942337954968,0,2.83137624779329,8.28887151239281,0,0,0,1,0,0,0,0,0,1,0,1,1,0,0,0,0
"168",9.72643092166567,0,0,0,0,0,12.4371754356255,0,4.3837695183016,10.3701134751201,0,0,0,1,0,0,0,0,0,1,0,1,1,0,0,0,0
"169",5.05807270483686,0,0,0,0,0,7.79628489723062,0,1.78344721476298,4.89325249089507,0,0,0,1,0,0,0,0,0,1,0,1,1,0,0,0,0
"170",5.8770366957263,0,0,0,0,0,6.67043866649166,0,1.65523555313617,6.1076745509664,0,0,0,1,0,0,0,0,0,1,0,1,1,0,0,0,0
"171",5.19394790169468,0,0,0,0,0,4.44713412670833,0,5.26509218219919,12.4686035870568,0,0,0,1,0,0,0,0,0,1,0,1,1,0,0,0,0
"172",9.80551079631814,0,0,0,0,0,8.22491641186517,0,3.0375338743785,4.08323555185448,0,0,0,1,0,0,0,0,0,1,0,1,1,0,0,0,0
"173",6.95755387721699,0,0,0,0,0,7.46450108925285,0,1.98686680787653,6.15216534150346,0,0,0,1,0,0,0,0,0,1,0,1,1,0,0,0,0
"174",8.18280401119003,0,0,0,0,0,4.36924097321365,9.98109010576731,5.58455740669758,4.02030667945368,0,0,0,1,0,0,0,0,0,1,1,1,1,0,0,0,0
"175",7.02001616077925,0,0,0,0,0,4.3623701331166,5.90626557509787,7.19347516078822,4.43043600618411,0,0,0,1,0,0,0,0,0,1,1,1,1,0,0,0,0
"176",11.0277804350646,0,0,0,0,0,6.97366902014015,5.66781308193828,9.28837658889102,3.9811310815902,0,0,0,1,0,0,0,0,0,1,1,1,1,0,0,0,0
"177",9.68089539920858,0,0,0,0,0,5.32714333585818,1.37487763571321,12.0451145352239,5.78738943708884,0,0,0,1,0,0,0,0,0,1,1,1,1,0,0,0,0
"178",5.79550030027199,0,0,0,0,0,5.28891284279316,3.40462744966902,0,2.79122336693144,0,0,0,1,0,0,0,0,0,1,1,0,1,0,0,0,0
"179",11.0269779009488,0,0,0,0,0,6.7895557617162,1.53625241359711,0,4.55736389561169,0,0,0,1,0,0,0,0,0,1,1,0,1,0,0,0,0
"180",6.27895687627888,0,0,0,0,0,5.20946005169387,5.06614200800763,0,5.00208835724822,0,0,0,1,0,0,0,0,0,1,1,0,1,0,0,0,0
"181",9.69372866598592,0,0,0,0,0,8.44676845883322,1.65806046524765,0,3.59618451442654,0,0,0,1,0,0,0,0,0,1,1,0,1,0,0,0,0
"182",9.1427052038924,0,0,0,0,0,8.48347951673919,6.31991774028586,0,1.84481212448246,0,0,0,1,0,0,0,0,0,1,1,0,1,0,0,0,0
"183",7.78900593939593,0,0,0,0,0,8.20231902725036,4.96444391254842,0,6.73929744433669,0,0,0,1,0,0,0,0,0,1,1,0,1,0,0,0,0
"184",6.47749968361503,0,0,0,0,0,4.90727080309974,4.57972551447647,0,-0.0967891961073553,0,0,0,1,0,0,0,0,0,1,1,0,1,0,0,0,0
"185",4.2879752318544,0,0,0,0,0,6.3903489049355,0.823709864297728,0,0.584360501630572,0,0,0,1,0,0,0,0,0,1,1,0,1,0,0,0,0
"186",8.36827493349405,0,0,0,0,0,5.48616350951752,3.26582643915221,0,2.10478101268828,0,0,0,1,0,0,0,0,0,1,1,0,1,0,0,0,0
"187",12.3610606402428,0,0,0,0,0,7.51852952913713,4.32992007770699,0,1.92536162291368,0,0,0,1,0,0,0,0,0,1,1,0,1,0,0,0,0
"188",3.35549740917564,0,0,0,0,16.7942383648709,7.33724242149887,7.14476378955727,0,0,0,0,0,1,0,0,0,0,1,1,1,0,0,0,0,0,0
"189",7.03533873553139,0,0,0,0,5.68636837673192,2.70899805014727,16.455623878601,0,0,0,0,5.05784468812805,1,0,0,0,0,1,1,1,0,0,0,0,1,0
"190",8.03616674007253,0,0,0,0,2.89683274726158,0,0,0,0,0,0,3.64399543359526,1,0,0,0,0,1,0,0,0,0,0,0,1,0
"191",11.6858705504567,17.7984743139485,0,0,0,8.78097898126437,0,0,0,0,0,0,0.581420164787097,1,1,0,0,0,1,0,0,0,0,0,0,1,0
"192",8.64567679710174,19.6146426754085,0,0,0,6.66210522842852,0,0,0,0,0,0,0.214109303685081,1,1,0,0,0,1,0,0,0,0,0,0,1,0
"193",16.3418546917309,11.8323275290855,0,0,0,6.36229792776473,0,0,0,0,0,1.53412257968626,0,1,1,0,0,0,1,0,0,0,0,0,1,0,0
"194",23.551972433194,12.3379473120607,0,0,0,3.78957263075378,0,0,0,0,0,0.439333111256707,0,1,1,0,0,0,1,0,0,0,0,0,1,0,0
"195",21.595195173874,11.1345503432655,0,0,0,5.51340237243176,0,0,0,0,0,0.121816798536744,0,1,1,0,0,0,1,0,0,0,0,0,1,0,0
"196",33.0849919038608,19.9506545777649,0,0,0,5.35080274114485,0,0,0,0,0,3.20784810734969,0,1,1,0,0,0,1,0,0,0,0,0,1,0,0
"197",25.7455890465501,12.2999084661439,0,0,0,0.0527155802618807,0,0,0,0,0,2.84274982012441,0,1,1,0,0,0,1,0,0,0,0,0,1,0,0
"198",25.0990988816672,23.8023696956276,0,0,0,7.64069852462057,0,0,0,0,0,2.33581311472889,0,1,1,0,0,0,1,0,0,0,0,0,1,0,0
"199",7.5713084627291,13.0578516698959,0,0,0,4.73156767085128,0,0,0,0,0,4.78000043344072,9.37998298581403,1,1,0,0,0,1,0,0,0,0,0,1,1,0
"200",21.8752354183687,13.0184776725353,0,0,0,7.93663844382107,0,0,0,0,0,0,2.44951483182397,1,1,0,0,0,1,0,0,0,0,0,0,1,0
"201",0,0,6.55399830083339,0,20.6810604151974,0,20.17162375254,0,5.72433995526524,13.7334815479851,0,0,0,0,0,1,0,1,0,1,0,1,1,0,0,0,0
"202",0,0,7.12111200650031,0,16.3184430848661,0,26.1909804968008,0,8.90890979722972,11.2450535513428,0,0,0,0,0,1,0,1,0,1,0,1,1,0,0,0,0
"203",0,0,4.45276471574607,0,15.6452262886736,0,19.4624566572364,0,8.11439485922202,17.1464820550972,0,0,0,0,0,1,0,1,0,1,0,1,1,0,0,0,0
"204",0,0,7.87801236284205,0,13.0769816807976,0,21.0173953867307,0,5.99220605047611,12.2285388023108,0,0,0,0,0,1,0,1,0,1,0,1,1,0,0,0,0
"205",0,0,3.89094190268171,0,21.1725486847263,0,16.4624108572743,0,8.26975842930294,10.0623496683763,0,0,0,0,0,1,0,1,0,1,0,1,1,0,0,0,0
"206",0,0,4.77191244281471,0,19.8681864282063,0,14.6826771121786,0,5.11365910220592,8.11610554763234,0,0,0,0,0,1,0,1,0,1,0,1,1,0,0,0,0
"207",0,0,9.36572256293847,0,21.9229336398264,0,21.8324757329843,0,10.0167227357066,5.44810580065031,0,0,0,0,0,1,0,1,0,1,0,1,1,0,0,0,0
"208",0,0,7.55049326693272,0,10.3531912536138,0,17.6848579612433,0,5.13469018123685,7.01037252431151,0,0,0,0,0,1,0,1,0,1,0,1,1,0,0,0,0
"209",0,0,9.11334136089797,0,18.7942926453149,0,6.91592017730589,0,3.22690434205536,9.91108716087817,0,0,0,0,0,1,0,1,0,1,0,1,1,0,0,0,0
"210",0,0,8.51223993925038,0,26.2065676456801,0,9.55881825921321,0,5.69524902889255,7.58317081675182,0,0,0,0,0,1,0,1,0,1,0,1,1,0,0,0,0
"211",7.02727884332028,0,6.09880546972316,0,16.0698247271216,0,10.0363478417486,0,4.92716845595366,11.1929906438025,0,0,0,1,0,1,0,1,0,1,0,1,1,0,0,0,0
"212",10.982156840613,0,11.2213319567916,0,0,0,9.77877588617081,0,2.68195297117947,7.56156286689641,0,0,0,1,0,1,0,0,0,1,0,1,1,0,0,0,0
"213",7.50805873456092,0,8.67582312676482,0,0,0,13.8771682721166,0,6.31200530535689,7.43793373154563,0,0,0,1,0,1,0,0,0,1,0,1,1,0,0,0,0
"214",9.55365349670953,0,4.62332188115423,0,0,0,8.79822694497432,0,5.2542583573485,8.07145054630469,0,0,0,1,0,1,0,0,0,1,0,1,1,0,0,0,0
"215",8.90878107656553,0,8.67386666143894,0,0,0,15.6592246728457,0,4.00374788407259,6.83605407390873,0,0,0,1,0,1,0,0,0,1,0,1,1,0,0,0,0
"216",14.2853646458106,0,16.3074949995957,0,0,0,13.9595480066139,0,3.15359301515625,8.70018702549696,0,0,0,1,0,1,0,0,0,1,0,1,1,0,0,0,0
"217",10.6856272937478,0,0,0,0,0,9.94110522347649,0,4.56606522115509,5.47441186046204,0,0,0,1,0,0,0,0,0,1,0,1,1,0,0,0,0
"218",9.69076516248621,0,0,0,0,0,6.79190059701088,0,2.4903929473316,3.48485924075679,0,0,0,1,0,0,0,0,0,1,0,1,1,0,0,0,0
"219",10.9280683944921,0,0,0,0,0,5.01505883079475,0,2.50546976389945,7.82221020941359,0,0,0,1,0,0,0,0,0,1,0,1,1,0,0,0,0
"220",1.06192514741025,0,0,0,0,0,9.18466160311957,0,2.07752736905953,2.18997707455598,0,0,0,1,0,0,0,0,0,1,0,1,1,0,0,0,0
"221",8.26751245844398,0,0,0,0,0,6.88973598639662,0,5.18144247412604,8.16633344835713,0,0,0,1,0,0,0,0,0,1,0,1,1,0,0,0,0
"222",5.46206862495995,0,0,0,0,0,8.44777639783217,0,4.75849956599107,4.15236348845095,0,0,0,1,0,0,0,0,0,1,0,1,1,0,0,0,0
"223",10.8964549318718,0,0,0,0,0,5.39122432568837,0,3.42560394787878,5.21336261794312,0,0,0,1,0,0,0,0,0,1,0,1,1,0,0,0,0
"224",10.5128943547443,0,0,0,0,0,6.71415226138599,10.8079043191748,4.50835516408394,5.40014926259597,0,0,0,1,0,0,0,0,0,1,1,1,1,0,0,0,0
"225",6.80265824034046,0,0,0,0,0,3.92163395677064,4.70618628608888,6.65274963685215,5.95303526335716,0,0,0,1,0,0,0,0,0,1,1,1,1,0,0,0,0
"226",7.41016751010864,0,0,0,0,0,9.69688387548018,7.10863302290887,4.70667899595203,3.02252219344747,0,0,0,1,0,0,0,0,0,1,1,1,1,0,0,0,0
"227",7.31291374994986,0,0,0,0,0,5.85929306217942,4.75930668208783,12.3699649944126,0.463798565074525,0,0,0,1,0,0,0,0,0,1,1,1,1,0,0,0,0
"228",7.14026066235183,0,0,0,0,0,8.73063402584741,3.12229602803214,0,0.303364936393869,0,0,0,1,0,0,0,0,0,1,1,0,1,0,0,0,0
"229",3.58253750870591,0,0,0,0,0,5.67529521058164,5.74035742439382,0,3.68556534711637,0,0,0,1,0,0,0,0,0,1,1,0,1,0,0,0,0
"230",9.20537528350051,0,0,0,0,0,5.28503515364932,6.94173639311991,0,0.886970888390423,0,0,0,1,0,0,0,0,0,1,1,0,1,0,0,0,0
"231",5.55861977596324,0,0,0,0,0,4.72490570059223,6.39175601191242,0,4.02073698067481,0,0,0,1,0,0,0,0,0,1,1,0,1,0,0,0,0
"232",4.93430506851785,0,0,0,0,0,6.92530575084228,2.21766861484738,0,7.21861265589465,0,0,0,1,0,0,0,0,0,1,1,0,1,0,0,0,0
"233",8.50655129151461,0,0,0,0,0,5.50746860595053,1.84752370705108,0,2.95509475684789,0,0,0,1,0,0,0,0,0,1,1,0,1,0,0,0,0
"234",9.974419467112,0,0,0,0,0,8.29158538906558,4.02019841528071,0,2.40394331439733,0,0,0,1,0,0,0,0,0,1,1,0,1,0,0,0,0
"235",9.65064214236035,0,0,0,0,0,5.49692809036265,4.78360924401169,0,2.04769430030079,0,0,0,1,0,0,0,0,0,1,1,0,1,0,0,0,0
"236",5.43982147233512,0,0,0,0,0,7.16925825536354,3.11753285830484,0,3.96807292514593,0,0,0,1,0,0,0,0,0,1,1,0,1,0,0,0,0
"237",12.1503173124014,0,0,0,0,0,8.66040199706694,0.435254292934917,0,0.340970557003459,0,0,0,1,0,0,0,0,0,1,1,0,1,0,0,0,0
"238",10.9289514067318,0,0,0,0,0,7.94251952186395,3.21119035364426,0,-1.61911545019099,0,0,11.3880910711852,1,0,0,0,0,0,1,1,0,1,0,0,1,0
"239",13.9692292039899,0,0,0,0,0,8.3827048555291,3.75640576550356,0,0,0,0,10.497711740755,1,0,0,0,0,0,1,1,0,0,0,0,1,0
"240",6.64924737763995,0,0,0,0,6.51121827881148,5.83747560115845,6.18898320313657,0,0,0,0,4.38337689362905,1,0,0,0,0,1,1,1,0,0,0,0,1,0
"241",5.34282919163911,0,0,0,0,7.59414718694631,9.6120897685468,4.12137961455473,0,0,0,0,4.33057826582984,1,0,0,0,0,1,1,1,0,0,0,0,1,0
"242",9.54348729116017,0,0,0,0,11.4565325999627,12.7803387959957,3.14458179998964,0,0,0,0,6.99457662944725,1,0,0,0,0,1,1,1,0,0,0,0,1,0
"243",13.3455039194774,0,0,0,0,6.66539730052329,13.7055268870203,6.45686488663715,0,0,0,0,5.91484572822558,1,0,0,0,0,1,1,1,0,0,0,0,1,0
"244",11.4123722749031,0,0,0,0,7.70922094931253,11.7875862601929,8.12571662777319,0,0,0,0,2.73209256761111,1,0,0,0,0,1,1,1,0,0,0,0,1,0
"245",4.86483797485981,0,0,0,0,10.987884408133,19.1719422547073,8.46730011788058,0,0,0,0,3.69168550217714,1,0,0,0,0,1,1,1,0,0,0,0,1,0
"246",10.0569907437895,0,0,0,0,12.7743735562534,15.8320446163998,10.4719710958052,0,0,0,0,4.7384134128992,1,0,0,0,0,1,1,1,0,0,0,0,1,0
"247",13.6026873568442,0,0,0,0,13.7987196000465,20.6108246662443,10.8108226374658,0,0,0,0,5.41292056264235,1,0,0,0,0,1,1,1,0,0,0,0,1,0
"248",14.5508651971683,0,0,0,0,13.8233701901451,19.0510608949817,9.95497283130254,0,0,0,0,6.49714807522471,1,0,0,0,0,1,1,1,0,0,0,0,1,0
"249",8.61799606854934,0,0,0,0,14.0330865232675,26.098914540842,8.55060458508928,0,0,0,0,5.07888358599886,1,0,0,0,0,1,1,1,0,0,0,0,1,0
"250",14.5446499381692,0,0,0,0,20.3204169688352,26.8234716991489,12.4657295885443,0,0,0,0,2.63580652427359,1,0,0,0,0,1,1,1,0,0,0,0,1,0
"251",0,2.82335893800785,0,0,4.88165394781871,0,0,0,0,0,11.0111702422655,0,0,0,1,0,0,1,0,0,0,0,0,1,0,0,0
"252",0,1.7979424491357,0,0,1.29427825100516,0,0,0,0,0,5.38999691176373,0,0,0,1,0,0,1,0,0,0,0,0,1,0,0,0
"253",0,1.89585361630293,0,0,3.36556932537554,0,0,0,0,0,10.1713862777481,0,0,0,1,0,0,1,0,0,0,0,0,1,0,0,0
"254",0,3.67711675208969,0,0,2.80334446325949,0,0,0,0,0,6.37157752304742,0,0,0,1,0,0,1,0,0,0,0,0,1,0,0,0
"255",0,-0.274687749742142,0,0,3.31825816780086,0,0,0,0,0,6.09219913260439,0,0,0,1,0,0,1,0,0,0,0,0,1,0,0,1
"256",0,2.82895089777686,0,0,3.91828594893907,0,0,0,0,0,3.54426776635796,0,0,0,1,0,0,1,0,0,0,0,0,1,0,0,1
"257",0,4.41105896266506,0,0,1.31225073844246,0,0,0,0,0,4.66310058525223,0,0,0,1,0,0,1,0,0,0,0,0,1,0,0,1
"258",0,2.24122220888589,0,0,2.30322781697389,0,0,0,0,0,5.12825299923027,0,0,0,1,0,0,1,0,0,0,0,0,1,0,0,1
"259",0,5.46292928552831,0,0,1.73593885683715,0,0,0,0,0,3.2088991934098,0,0,0,1,0,0,1,0,0,0,0,0,1,0,0,1
"260",1.04223896271551,3.51856006439434,0,0,4.86532730407241,0,0,0,0,0,5.74654710532614,0,0,1,1,0,0,1,0,0,0,0,0,1,0,0,0
"261",2.14569896482158,4.9897407782957,0,0,-0.528100136541272,0,0,0,0,0,10.9025952355983,0,0,1,1,0,0,1,0,0,0,0,0,1,0,0,0
"262",5.03995827890278,0,0,0,4.40342067227489,0,3.61304208561118,0,0,0,3.30732164190585,0,0,1,0,0,0,1,0,1,0,0,0,1,0,0,0
"263",5.206943830188,0,0,0,0,0,2.44100897335403,0,0,0,8.09865935949658,0,0,1,0,0,0,0,0,1,0,0,0,1,0,0,0
"264",5.67300445164139,0,0,0,0,0,2.96960753031583,0,0,0,5.23683924147181,0,0,1,0,0,0,0,0,1,0,0,0,1,0,0,0
"265",4.61879113180234,0,0,0,0,0,3.15657568164607,0,0,11.5948029617963,5.97272880889559,0,0,1,0,0,0,0,0,1,0,0,1,1,0,0,0
"266",2.78037258304963,0,0,0,0,0,3.20834279553014,0.104558553541841,0,4.10058088098748,11.1476280583967,0,0,1,0,0,0,0,0,1,1,0,1,1,0,0,0
"267",5.67988999736317,0,0,0,0,0,7.96393428772873,-0.0680136686560654,0,3.42541133920937,0,0,0,1,0,0,0,0,0,1,1,0,1,0,0,0,0
"268",6.81839559730807,0,0,0,0,0,3.99486050443398,1.67289977368483,0,0.149206180797462,0,0,0,1,0,0,0,0,0,1,1,0,1,0,0,0,0
"269",8.84564574988094,0,0,0,0,0,1.62953971663208,1.42423554099428,0,3.19793302742336,0,0,0,1,0,0,0,0,0,1,1,0,1,0,0,0,0
"270",6.35054229742975,0,0,0,0,0,6.95566141168746,0.602447833531034,0,5.01845973934292,0,0,0,1,0,0,0,0,0,1,1,0,1,0,0,0,0
"271",9.29339345495013,0,0,0,0,0,2.47289347044309,1.56399675355193,0,2.82771489696348,0,0,0,1,0,0,0,0,0,1,1,0,1,0,0,0,0
"272",6.02771541098251,0,0,0,0,0,7.45787143968618,2.68289914243416,0,3.02029826514975,0,0,0,1,0,0,0,0,0,1,1,0,1,0,0,0,0
"273",8.47248086011055,0,0,0,0,0,9.69786138973173,5.24550775972143,0,5.19625522146765,0,0,0,1,0,0,0,0,0,1,1,0,1,0,0,0,0
"274",10.0642160936953,0,0,0,0,0,12.6844645187168,9.85463775407977,0,10.852205487736,0,0,0,1,0,0,0,0,0,1,1,0,1,0,0,0,0
"275",9.81316131418339,0,0,0,0,0,9.47865632860109,7.6088669105997,0,9.47757346925667,0,0,0,1,0,0,0,0,0,1,1,0,1,0,0,0,0
"276",10.277732471477,0,0,0,0,0,5.51069537889985,9.06918397319281,0,14.2314916988017,0,0,0,1,0,0,0,0,0,1,1,0,1,0,0,0,0
"277",14.7223382607604,0,0,0,0,0,12.4136752237294,10.4604188797739,0,3.5317257524884,0,0,0,1,0,0,0,0,0,1,1,0,1,0,0,0,0
"278",15.3218155787446,0,0,0,0,0,10.5728829751952,10.1814564002096,0,16.083222402478,0,0,34.1524166674725,1,0,0,0,0,0,1,1,0,1,0,0,1,0
"279",14.862749813413,0,0,0,0,0,13.468344847395,17.3669974092702,0,11.9979821139188,0,0,41.9626646072618,1,0,0,0,0,0,1,1,0,1,0,0,1,0
"280",9.66776992412052,0,0,0,0,0,18.0977607673319,10.5304902770576,0,22.2586485118708,0,0,34.7880483152501,1,0,0,0,0,0,1,1,0,1,0,0,1,0
"281",0,0,9.29620462977582,0,39.1633246696754,0,23.1762593204417,0,7.52140549276773,11.9171901465604,0,0,0,0,0,1,0,1,0,1,0,1,1,0,0,0,0
"282",0,0,11.2507276899828,0,21.1584764275211,0,19.5388093809248,0,7.64273529561184,11.1043247933153,0,0,0,0,0,1,0,1,0,1,0,1,1,0,0,0,0
"283",0,0,13.5982126876357,0,29.2836411522657,0,21.6867986260241,0,-0.782196138431111,13.0433339190826,0,0,0,0,0,1,0,1,0,1,0,1,1,0,0,0,0
"284",0,0,14.5945135518076,0,34.7165636057148,0,9.65822576258136,0,8.1325622776765,5.80658500736703,0,0,0,0,0,1,0,1,0,1,0,1,1,0,0,0,0
"285",0,0,12.2062564124855,0,0,0,18.0532527023171,0,8.23407023529406,10.6809746410567,0,0,0,0,0,1,0,0,0,1,0,1,1,0,0,0,0
"286",0,0,10.5576699140705,0,0,0,16.9953764931284,0,10.2992968769448,6.42242900466337,0,0,0,0,0,1,0,0,0,1,0,1,1,0,0,0,0
"287",0,0,12.5915664536069,0,0,0,9.75669661635591,0,9.09057368215994,4.66446989729864,0,0,0,0,0,1,0,0,0,1,0,1,1,0,0,0,0
"288",0,0,10.0114571318549,0,0,0,10.7945690525717,0,8.21293454748285,13.922956167147,0,0,0,0,0,1,0,0,0,1,0,1,1,0,0,0,0
"289",23.3675130660029,0,16.9956443180573,0,0,0,16.1212304279335,0,5.8935440885755,7.73023315714209,0,0,0,1,0,1,0,0,0,1,0,1,1,0,0,0,0
"290",18.9047207829418,0,13.3029802026466,0,0,0,18.7670563426052,0,6.15109347032085,11.3670011142439,0,0,0,1,0,1,0,0,0,1,0,1,1,0,0,0,0
"291",15.7903830087904,0,19.0837690357766,0,0,0,8.83006567196108,0,5.92480037466679,10.1732203203492,0,0,0,1,0,1,0,0,0,1,0,1,1,0,0,0,0
"292",22.1676174268504,0,15.0198190484588,0,0,0,11.9645903681533,0,0.487800843503437,11.8172109971785,0,0,0,1,0,1,0,0,0,1,0,1,1,0,0,0,0
"293",17.8844287702156,0,16.3685171696825,0,0,0,16.1018828519156,0,10.1375173718448,12.3124488792304,0,0,0,1,0,1,0,0,0,1,0,1,1,0,0,0,0
"294",15.354747642969,0,16.317747429701,0,0,0,14.2388697688635,0,8.28896802938045,10.4488939293649,0,0,0,1,0,1,0,0,0,1,0,1,1,0,0,0,0
"295",17.8919239063635,0,28.8789110412547,0,0,0,14.1350562801683,0,5.67106999747971,11.4924702652876,0,0,0,1,0,1,0,0,0,1,0,1,1,0,0,0,0
"296",10.9284686061447,0,24.839194547562,0,0,0,10.2915818703396,0,11.069520512954,6.93829822962912,0,0,0,1,0,1,0,0,0,1,0,1,1,0,0,0,0
"297",11.4341833270109,0,25.2249364315895,0,0,0,9.54277138295909,0,8.74091692981083,7.02100048066581,0,0,0,1,0,1,0,0,0,1,0,1,1,0,0,0,0
"298",13.6508224368889,0,26.5541615242213,0,0,0,12.5346592814181,0,9.5836586031484,11.8535673400152,0,0,0,1,0,1,0,0,0,1,0,1,1,0,0,0,0
"299",11.2798827372009,0,0,0,0,0,8.31087001137334,0,8.66016110975739,6.98583979593141,0,0,0,1,0,0,0,0,0,1,0,1,1,0,0,0,0
"300",15.1325963200861,0,0,0,0,0,11.8228426417987,0,8.14554751868909,9.50264848286025,0,0,0,1,0,0,0,0,0,1,0,1,1,0,0,0,0
"301",6.46520515904449,0,0,0,0,0,14.3162982400104,0,9.44542062308682,9.66422968921466,0,0,0,1,0,0,0,0,0,1,0,1,1,0,0,0,0
"302",10.8211138726091,0,0,0,0,0,9.38705065277686,18.8437781823288,10.1349363652689,9.20815597474764,0,0,0,1,0,0,0,0,0,1,1,1,1,0,0,0,0
"303",12.4900941256708,0,0,0,0,0,9.06820648571309,12.925249309034,7.8223869499383,7.56109706125203,0,0,0,1,0,0,0,0,0,1,1,1,1,0,0,0,0
"304",14.8464132018555,0,0,0,0,0,9.39875750399961,18.0253331864152,9.57670839548202,5.64255824538111,0,0,0,1,0,0,0,0,0,1,1,1,1,0,0,0,0
"305",12.610588747832,0,0,0,0,0,9.22749763349028,9.57620090231325,13.5695087515699,9.77552347790188,0,0,0,1,0,0,0,0,0,1,1,1,1,0,0,0,0
"306",10.6866746117452,0,0,0,0,0,9.61433313835113,19.4902912646436,7.8616826749696,6.27812201484715,0,0,0,1,0,0,0,0,0,1,1,1,1,0,0,0,0
"307",7.88875315257083,0,0,0,0,0,9.24394210332848,13.9475031865541,14.0730190447354,5.459740587152,0,0,0,1,0,0,0,0,0,1,1,1,1,0,0,0,0
"308",11.7590885963914,0,0,0,0,0,10.8304226939751,9.14950387752232,14.930184897584,8.65253118396833,0,0,0,1,0,0,0,0,0,1,1,1,1,0,0,0,0
"309",15.7001488026828,0,0,0,0,0,13.0517666657032,9.99643068359021,11.9416398356796,8.1488776865774,0,0,0,1,0,0,0,0,0,1,1,1,1,0,0,0,0
"310",9.31420178589958,0,0,0,0,0,12.0576550796837,7.33611177108788,0,9.4528026915333,0,0,0,1,0,0,0,0,0,1,1,0,1,0,0,0,0
"311",11.9969719127243,0,0,0,0,0,8.10212793347122,9.07682161687907,0,10.826807037776,0,0,0,1,0,0,0,0,0,1,1,0,1,0,0,0,0
"312",9.98729482136469,0,0,0,0,0,11.242748168064,3.60086242241448,0,6.86938368820026,0,0,0,1,0,0,0,0,0,1,1,0,1,0,0,0,0
"313",13.9775621455471,0,0,0,0,0,10.785282542343,7.58004792054821,0,7.29201416498564,0,0,0,1,0,0,0,0,0,1,1,0,1,0,0,0,0
"314",15.1000275478173,0,0,0,0,0,9.20698250607059,7.2051877915435,0,10.1267573446603,0,0,0,1,0,0,0,0,0,1,1,0,1,0,0,0,0
"315",11.2968603845456,0,0,0,0,0,12.8586770764329,6.71230191790821,0,10.1643622815586,0,0,0,1,0,0,0,0,0,1,1,0,1,0,0,0,0
"316",11.9254557446223,0,0,0,0,0,9.57833218704259,6.1248243992185,0,7.17484266611292,0,0,21.2177815183809,1,0,0,0,0,0,1,1,0,1,0,0,1,0
"317",8.84816630088418,0,0,0,0,0,3.19610062534707,5.3984052652741,0,12.5027181663777,0,0,18.7750581541409,1,0,0,0,0,0,1,1,0,1,0,0,1,0
"318",7.4187149472902,0,0,0,0,0,4.29447706453822,5.84883544451333,0,8.25666852060179,0,0,11.3581013884137,1,0,0,0,0,0,1,1,0,1,0,0,1,0
"319",9.62199196235077,0,0,0,0,0,9.67916853424177,5.90157699718923,0,11.9013282715947,0,0,14.1867444028917,1,0,0,0,0,0,1,1,0,1,0,0,1,0
"320",5.76669236269181,0,0,0,0,0,7.95635226232393,6.17835378841807,0,6.37381435038095,0,0,12.4526610291045,1,0,0,0,0,0,1,1,0,1,0,0,1,0
"321",9.67773865311661,0,0,0,0,0,11.7528035500796,6.56982590303864,0,0,0,0,10.9854079408616,1,0,0,0,0,0,1,1,0,0,0,0,1,0
"322",8.36909117406828,0,0,0,0,0,9.44109996774896,7.52869866143327,0,0,0,0,16.7983928451852,1,0,0,0,0,0,1,1,0,0,0,0,1,0
"323",13.4160124614279,0,0,0,0,0,7.02229506587587,5.98572026266954,0,0,0,0,6.62477499074005,1,0,0,0,0,0,1,1,0,0,0,0,1,0
"324",11.2873555927867,0,0,0,0,0,11.7683064599175,4.38175742266641,0,0,0,0,8.40236366249974,1,0,0,0,0,0,1,1,0,0,0,0,1,0
"325",12.1754398799326,0,0,0,0,0,14.8829011100583,9.79577989104719,0,0,0,0,11.682122867733,1,0,0,0,0,0,1,1,0,0,0,0,1,0
"326",11.3786010972239,0,0,0,0,0,14.1077418586774,5.78931176231056,0,0,0,0,4.58751174965037,1,0,0,0,0,0,1,1,0,0,0,0,1,0
"327",10.3456315424126,0,0,0,0,0,14.1966447373803,10.035087599177,0,0,0,0,3.03076847796091,1,0,0,0,0,0,1,1,0,0,0,0,1,0
"328",15.4187449780759,0,0,0,0,0,13.6756701398211,8.73873771912649,0,0,0,0,12.3508921978814,1,0,0,0,0,0,1,1,0,0,0,0,1,0
"329",15.2123892893902,0,0,0,0,0,13.9272438924114,9.45325805545247,0,0,0,0,11.3263790473627,1,0,0,0,0,0,1,1,0,0,0,0,1,0
"330",13.9656579893407,0,0,0,0,0,15.6691642053485,9.53604470329103,0,0,0,0,10.6521985220585,1,0,0,0,0,0,1,1,0,0,0,0,1,0
